﻿Fungal infection,Allergy,GERD,Chronic cholestasis,Drug Reaction,Peptic ulcer disease,AIDS,Diabetes,Gastroenteritis,Bronchial Asthma,Hypertension,Migraine,Cervical spondylosis,Paralysis (brain hemorrhage),Jaundice,Malaria,Chicken pox,Dengue,Typhoid,hepatitis A,Hepatitis B,Hepatitis C,Hepatitis D,Hepatitis E,Alcoholic hepatitis,Tuberculosis,Common Cold,Pneumonia,Dimorphic hemmorhoids(piles),Heartattack,Varicose veins,Hypothyroidism,Hypoglycemia,Osteoarthristis,Arthritis,(vertigo) Paroymsal  Positional Vertigo,Acne,Urinary tract infection,Psoriasis,Impetigo,Heart attack
Amorolfine,Acetaminophen,Lansoprazole,Myfembree,Antihistamines,Carafate,Abacavir,Acarbose,Ondansetron,Volmax,Amlodipine,Treximet,Chondroitin,Pituitrinum,Carduus Marianus,Artemether-and-Lumefantrine,Acetaminophen (Tylenol) ,Acetaminophen,Azithromycin,Entecavir (Baraclude),Adefovir Dipivoxil,Interferon,Pegylated_interferon_alfa,Ribavirin,Corticosteroids,Capreomycin,Decongestants,Levofloxacin,Hydrocortisone,Aspirin,Wheezal WL,Alfacalcidol,Glucagon,Meloxicam,Enbrel,Meclizine,Acnestar,SBL Drops,Dermarest,Mupirocin,Aspirin
clindamycin,Chlorpheniramine,Kapidex,Nextstellis,Corticosteroids,Pantoprazole,Amantadine,Chlorpropamide,Zofran,Corticosteroids,Lisinopril,Botox,Methocarbamol,Opium,Podophyllum,Coartem,Acyclovir,Ciprofloxacin,Ciprofloxacin,Tenofovir (Viread),Haemophilous B conjugate and Hepatitis B Vaccine,Sofosbuvir,,Pegylated interferon alfa,Pentoxifylline,Bedaquiline,Antihistamines,Azithromycin,Analpram-HC,Plavix,New Life NL-13,Levothyroxine,Gvoke,Celebrex,Humria,Diazepam,Sprintec,Uriplex Drops,Psoriasis drops,Amoxicillin,Plavix
Bifonazole,Phenylephrine,Nexium,Cloxacillin,,Protonix,Ampenavir,Afrezza,Doxycycline,Ipratropium,Losartan,Masalt,Baclofen,Aconite Nap,Chelidonium,Chloroquine,Tecovirimat,Chloramphenicol,Ceftriaxone,Lamivudine ,Lamivudine ,Ribavirin,,,,Cycloserine,Analgesics/Antipyretics,Amoxillin,lidocaine,Clopidogrel,Allen Varicose vein,Carbimazole,Diazoxide,Voltaren Anthritis Pain Gel,Celebrex,Promethazine,Clindamycin,Azo test strips,MG217,Retapamulin,Clopidogrel
,,,,,,,Dulaglutide,,,,,,,,,,,,,,,,,,,,,,,,,,,,,,,,,
